<?xml version="1.0" encoding="UTF-8"?>

<!--
Licensed to the Apache Software Foundation (ASF) under one
or more contributor license agreements.  See the NOTICE file
distributed with this work for additional information
regarding copyright ownership.  The ASF licenses this file
to you under the Apache License, Version 2.0 (the
"License"); you may not use this file except in compliance
with the License.  You may obtain a copy of the License at

  http://www.apache.org/licenses/LICENSE-2.0

Unless required by applicable law or agreed to in writing,
software distributed under the License is distributed on an
"AS IS" BASIS, WITHOUT WARRANTIES OR CONDITIONS OF ANY
KIND, either express or implied.  See the License for the
specific language governing permissions and limitations
under the License.
-->

<project xmlns="http://maven.apache.org/DECORATION/1.3.0" xmlns:xsi="http://www.w3.org/2001/XMLSchema-instance"
  xsi:schemaLocation="http://maven.apache.org/DECORATION/1.3.0 http://maven.apache.org/xsd/decoration-1.3.0.xsd">
  <body>
    <menu name="Overview">
      <item name="Introduction" href="index.html"/>
      <item name="Goals" href="plugin-info.html"/>
      <item name="Usage" href="usage.html"/>
      <item name="FAQ" href="faq.html"/>
      <!-- According to https://issues.apache.org/jira/browse/MNGSITE-152 -->
      <item name="License" href="http://www.apache.org/licenses/"/>
      <item name="Download" href="download.html"/>
    </menu>
    <menu name="Examples">
      <item name="Copying specific artifacts" href="examples/copying-artifacts.html"/>
      <item name="Copying project dependencies" href="examples/copying-project-dependencies.html"/>
      <item name="Unpacking specific artifacts" href="examples/unpacking-artifacts.html"/>
      <item name="Unpacking the project dependencies" href="examples/unpacking-project-dependencies.html"/>
      <item name="Rewriting target path and file name" href="examples/unpacking-filemapper.html"/>
      <item name="Using project dependencies' sources" href="examples/using-dependencies-sources.html"/>
      <item name="Failing the build on dependency analysis warnings" href="examples/failing-the-build-on-dependency-analysis-warnings.html"/>
      <item name="Exclude Dependencies from Dependency Analysis" href="examples/exclude-dependencies-from-dependency-analysis.html"/>
      <item name="Filtering the dependency tree" href="examples/filtering-the-dependency-tree.html"/>
      <item name="Purging local repository dependencies" href="examples/purging-local-repository.html"/>
    </menu>
    <menu name="Resources">
      <item name="Dependency Mechanism" href="../../guides/introduction/introduction-to-dependency-mechanism.html"/>
    </menu>
  </body>
</project>
